feature,mean_rmse_increase_when_shuffled,mean_mae_increase_when_shuffled,mean_r2_drop_when_shuffled
predicted_fair_price,0.00021767466553872795,0.0003408243873205416,0.0013672948892800463
price_gap_pct,6.807700544339268e-05,0.0001412988226674544,0.0004273786045319916
price_gap_abs,6.088917911150904e-05,0.0003034810013820374,0.0003823603789818719
overpriced_flag,-1.042237833870363e-07,-2.890253352941241e-07,-6.537664801520293e-07
underpriced_flag,-2.185657442338451e-06,-2.028303027956646e-06,-1.3709792703142653e-05
