model_variant,r2,rmse,mae
E_xgb_hgb_blend_plus_price_gap,0.7354114050569655,0.0839174538348435,0.059228511604062214
F_xgb_logit_plus_price_gap,0.7352552984293099,0.08394220573134864,0.05892594163315463
D_hgb_plus_price_gap,0.7331106284323524,0.08428152357336825,0.05927913195991458
B_current_best_xgb_plus_price_gap,0.7314359385932097,0.08454553687192222,0.05992061242769383
C_xgboost_plus_price_gap,0.7314359385932097,0.08454553687192222,0.05992061242769383
A_current_best_xgb,0.7299487707173666,0.08477929827798333,0.06014109985003558
