model_variant,r2,rmse,mae
G_xgb_logit_plus_price_gap,0.7445453420534511,0.08206043386259843,0.05775160926981847
H_xgb_hgb_blend_plus_price_gap,0.7429556374559194,0.0823153705454971,0.058347794276986456
B_xgb_baseline,0.7408655212793804,0.08264936027756684,0.0582390532339328
E_xgb_plus_price_gap,0.7405945808237147,0.0826925563917736,0.05903204994632892
A_hgb_baseline,0.736590465740759,0.08332832288137401,0.05856274926097704
D_hgb_plus_price_gap,0.7356414469081294,0.08347829666258001,0.058778296106028693
C_catboost_baseline,0.7331189995405937,0.08387561630282339,0.060025656784318523
F_catboost_plus_price_gap,0.732314740656405,0.0840019028577347,0.060233538548745996
