strategy,weight_scope,global_weight,r2,rmse,mae,mape,residual_mean,residual_std,weight_normal,weight_luxury,global_fallback_weight
bucket_specific_weight,predicted_price_bucket_from_baseline,,0.6772980404315381,40.61645260884759,28.11974883821263,0.20202732337008564,-0.5849935065545455,40.61223959749144,,,0.74
segment_specific_weight,predicted_segment,,0.6772155052196002,40.621646369071996,28.13008345885609,0.20178134578335982,-0.5530412305059262,40.61788151948968,0.75,0.25,
global_weight,global,0.74,0.6769267825236067,40.63980983405991,28.10444781903484,0.20164227880484759,-0.5329209753555613,40.636315514359545,,,
segmented_reference,none,,0.6749320853064174,40.76507458957014,28.282330682695676,0.204853153348175,0.6796195098071739,40.759409019453486,,,
baseline_reference,none,,0.6614653458503806,41.60090271179817,28.49160294454243,0.19851095565200777,-3.9839977408187313,41.409695343453656,,,
