model_variant,r2,rmse,mae,mape,residual_mean,residual_std
baseline_single_hgb_log_observed_full,0.6953737445885337,40.39753763012527,27.167903620872323,0.19070897056387545,-2.6070252832304104,40.3133286364446
segmented_best_validation,0.6947739611958608,40.43728774502475,27.471793921465032,0.20094823148089522,1.7836499129947034,40.39793105051053
blended_candidate,0.7003595344078803,40.06558237044478,27.24505848754964,0.19754104368518136,0.5941586066136005,40.06117654579159
