model_variant,mae,rmse,r2,mae_normal_only,mae_luxury_only,rmse_normal_only,rmse_luxury_only
baseline_single_hgb_log_observed_full,27.127756678672096,40.082326204216066,0.6926914427126932,22.831023117859022,76.23328308796438,31.433840079610878,93.14096525531232
segmented_best_validation,27.183163029174555,39.73393521798586,0.6980104074271807,23.395823587404834,70.46704236368566,32.225139466489175,88.05645818543525
