feature_set,model_name,mae,rmse,r2,train_rows,test_rows
expanded_with_availability,hist_gradient_boosting,0.05915048103098835,0.08406882108696379,0.7344560336261663,8004,2001
expanded_with_availability,xgboost,0.06014109985003558,0.08477929827798333,0.7299487707173666,8004,2001
expanded_with_availability,catboost,0.062417182846955355,0.0859314700134321,0.7225587669904696,8004,2001
